nombre,nombre_cientifico,peso,largo,notas
León,Panthera leo,190 kg,2.5 m,
Jaguar,Panthera onca,,,Felino más grande de América
Puma,Puma concolor,,,
León de montaña,,,,Nombre que recibe el puma en parte de Norteamérica
Lobo gris,Canis lupus,,,
Zorro colorado,Lycalopex culpaeus,,,
Oso panda,Ailuropoda melanoleuca,,,
Orca,Orcinus orca,,,
Ballena azul,Balaenoptera musculus,150 t,30 m,
Carpincho,Hydrochoerus hydrochaeris,,,
Canguro rojo,Osphranter rufus,,,
Ornitorrinco,Ornithorhynchus anatinus,,,
Cóndor andino,Vultur gryphus,,,
Pingüino emperador,Aptenodytes forsteri,,,
Ñandú,Rhea americana,,,
Hornero,Furnarius rufus,,,
Yacaré overo,Caiman latirostris,,,
Ajolote,Ambystoma mexicanum,,,
Tiburón blanco,Carcharodon carcharias,,,
Pulpo común,Octopus vulgaris,,,
Mariposa monarca,Danaus plexippus,,,
Tarántula,,,,
Orca,Orcinus orca,,,
