titulo,categoria,anio,pais,descripcion
La noche estrellada,pintura,1889,Francia,
Guernica,pintura,1937,España,
El pensador,escultura,1904,Francia,
Torre Eiffel,arquitectura,1889,Francia,
Grandes pirámides de Guiza,arquitectura,-2560,Egipto,
La cumparsita,tango,1916,Uruguay,
Don Quijote de la Mancha,novela,1605,España,
Gol del siglo,fútbol,1986,México,Gol de Maradona a Inglaterra en el Mundial 1986
Juegos Olímpicos de Atenas 1896,olimpismo,1896,Grecia,Primeros juegos olímpicos de la era moderna
Fangio cinco veces campeón,automovilismo,1957,Argentina,Quinto título de Fórmula 1
Federer y sus ocho Wimbledon,tenis,2017,Reino Unido,
Primer alunizaje,espacio,1969,Estados Unidos,El Apolo 11 llega a la Luna
Imprenta de Gutenberg,invento,1440,Alemania,
