nombre,direccion,barrio,ciudad,rubro,telefono,horario
Supermercado La Estrella,Av. Corrientes 1234,Balvanera,Buenos Aires,supermercado,(011) 4555-1234,8 a 21
Hiper Ahorro,Av. Rivadavia 5000,Caballito,Buenos Aires,hipermercado,,
Librería Páginas,Av. Santa Fe 1860,Recoleta,Buenos Aires,librería,,
Librería del Sur,Av. Corrientes 1436,San Nicolás,Buenos Aires,librería,,
Verdulería Don Pepe,Av. Boedo 900,Boedo,Buenos Aires,verdulería,,
Panadería La Espiga,Calle San Martín 300,Centro,Rosario,panadería,,
Ferretería El Tornillo,Calle 7 1200,Centro,La Plata,ferretería,,
Farmacia Del Pueblo,Av. Colón 500,Centro,Córdoba,farmacia,,
Almacén Los Primos,Pasaje Roma 45,Villa Crespo,Buenos Aires,almacén,,
Huellitas,Av. Maipú 2100,Olivos,Vicente López,pet shop,,
Kiosco 24,Av. Corrientes 1500,San Nicolás,Buenos Aires,kiosco,,
